61,116,171,224,278,339,398,452,505,561,614,674,730,787,839,892,957,1011,1069,1123,1184,1242,1298,1354,1419,1475,1528,1584,1639,1702,1760,1814,1870,1925,1982,2046,2101,2152,2207,2268,2327,2382,2438,2494,2553,2613,2664,2719,2775,2834,2889,2948,3002,3059,3117,3172,3229,3283,3343,3404,3458,3513,3568,3629,3684,3741,3795,3850,3906,3961,4020,4076,4132,4190,4246,4302,4358,4415,4470,4521,4565,4604,4634,4671,4698,4727,4751,4774,4796,4812,4833,4851,4867,4881,4895,4908
55,111,164,219,273,325,384,441,496,551,603,657,710,771,825,879,936,992,1049,1105,1160,1211,1277,1334,1389,1444,1498,1557,1615,1674,1726,1780,1841,1897,1954,2003,2063,2116,2178,2230,2284,2340,2396,2455,2508,2561,2620,2675,2728,2784,2843,2899,2951,3006,3067,3122,3173,3232,3282,3340,3399,3456,3509,3562,3619,3675,3732,3787,3843,3892,3952,4006,4063,4116,4173,4228,4283,4339,4395,4446,4503,4549,4589,4625,4657,4684,4712,4737,4763,4783,4806,4825,4842,4859,4874,4888
42,103,159,213,269,321,371,423,487,541,592,648,698,751,809,863,917,974,1023,1082,1138,1197,1252,1301,1364,1421,1477,1527,1582,1636,1694,1754,1807,1861,1917,1970,2029,2082,2136,2193,2246,2301,2355,2410,2469,2524,2575,2628,2684,2741,2794,2851,2900,2958,3015,3074,3125,3178,3233,3285,3341,3397,3453,3505,3556,3611,3668,3728,3779,3834,3889,3941,3997,4055,4106,4162,4218,4271,4326,4380,4434,4489,4531,4576,4614,4643,4676,4703,4729,4752,4776,4797,4813,4832,4849,4866
40,95,153,207,260,314,366,418,470,528,580,637,688,740,793,846,898,960,1008,1062,1118,1170,1228,1286,1341,1395,1448,1505,1559,1613,1670,1721,1777,1830,1886,1941,1994,2052,2102,2153,2205,2260,2319,2373,2422,2481,2532,2588,2642,2700,2752,2805,2858,2911,2966,3024,3080,3133,3187,3236,3289,3346,3401,3455,3504,3555,3608,3663,3720,3774,3831,3882,3938,3991,4045,4101,4154,4209,4262,4314,4365,4423,4479,4524,4566,4602,4633,4666,4694,4721,4742,4767,4785,4807,4827,4844
39,86,144,201,255,308,361,412,464,513,567,623,678,729,783,832,884,937,993,1043,1102,1155,1207,1261,1318,1370,1428,1479,1533,1583,1637,1692,1749,1803,1856,1910,1962,2015,2070,2127,2179,2231,2282,2335,2390,2444,2495,2550,2606,2657,2711,2763,2817,2870,2924,2976,3030,3087,3139,3188,3240,3295,3351,3406,3457,3508,3557,3609,3662,3716,3772,3826,3878,3932,3986,4037,4094,4151,4203,4253,4305,4359,4411,4461,4511,4557,4593,4628,4658,4682,4707,4735,4759,4779,4802,4817
37,84,134,193,249,302,354,407,458,507,559,608,660,712,768,820,872,923,976,1025,1080,1133,1189,1244,1295,1350,1400,1457,1511,1565,1618,1673,1722,1776,1826,1878,1933,1984,2042,2094,2145,2199,2248,2303,2354,2408,2465,2514,2568,2619,2670,2723,2771,2829,2882,2936,2986,3042,3093,3145,3195,3250,3301,3357,3409,3461,3512,3565,3614,3666,3719,3773,3824,3877,3929,3982,4034,4087,4143,4197,4248,4300,4352,4403,4454,4504,4547,4585,4621,4653,4678,4706,4732,4753,4775,4795
35,83,132,182,240,294,347,399,449,502,552,601,652,701,754,804,856,909,967,1015,1065,1116,1168,1223,1279,1332,1383,1434,1486,1538,1590,1640,1698,1752,1804,1855,1906,1958,2007,2066,2114,2169,2221,2273,2323,2376,2424,2477,2530,2579,2632,2689,2740,2790,2845,2897,2946,2998,3048,3099,3154,3206,3259,3312,3360,3413,3466,3517,3570,3623,3673,3727,3775,3829,3879,3931,3980,4033,4084,4137,4192,4244,4293,4344,4398,4445,4500,4542,4579,4615,4644,4674,4699,4726,4748,4771
33,80,129,179,230,279,337,391,442,493,546,591,645,692,744,794,843,890,948,999,1052,1104,1153,1204,1258,1306,1363,1414,1468,1520,1573,1625,1676,1727,1778,1829,1879,1932,1981,2038,2088,2140,2192,2243,2294,2342,2395,2449,2500,2551,2603,2651,2707,2758,2807,2856,2907,2961,3013,3066,3115,3166,3218,3268,3319,3371,3421,3474,3526,3578,3630,3679,3731,3783,3832,3883,3935,3985,4035,4085,4140,4191,4243,4290,4341,4394,4442,4495,4538,4577,4610,4639,4672,4697,4722,4743
32,78,127,177,227,277,326,376,432,485,537,586,635,686,733,786,833,882,934,982,1029,1088,1136,1191,1241,1293,1344,1396,1447,1496,1547,1598,1656,1706,1756,1808,1859,1909,1960,2005,2062,2112,2162,2210,2264,2317,2370,2419,2471,2522,2570,2623,2673,2720,2769,2822,2878,2926,2978,3028,3083,3132,3181,3230,3278,3333,3382,3433,3483,3534,3587,3639,3690,3740,3789,3838,3890,3940,3990,4041,4091,4144,4195,4245,4291,4342,4393,4440,4492,4534,4573,4608,4636,4669,4696,4718
30,77,125,175,223,275,324,372,422,474,525,575,628,677,725,777,823,874,922,972,1019,1073,1119,1173,1226,1280,1329,1378,1430,1482,1529,1580,1630,1681,1733,1783,1835,1887,1938,1987,2040,2090,2139,2188,2241,2292,2338,2391,2441,2488,2540,2592,2640,2694,2743,2791,2844,2894,2944,2995,3045,3095,3144,3194,3243,3293,3347,3393,3446,3499,3545,3597,3648,3699,3746,3797,3847,3893,3944,3993,4049,4099,4153,4200,4249,4297,4347,4397,4443,4496,4537,4575,4609,4635,4667,4695
28,74,122,172,222,270,320,369,417,467,516,566,612,662,713,763,816,862,911,966,1010,1057,1111,1158,1209,1259,1309,1361,1413,1465,1516,1566,1616,1668,1716,1767,1815,1865,1916,1967,2013,2069,2115,2165,2213,2262,2313,2366,2414,2466,2516,2564,2617,2663,2713,2764,2814,2865,2910,2962,3012,3063,3109,3162,3212,3262,3314,3359,3411,3462,3511,3554,3603,3653,3704,3753,3807,3860,3907,3956,4005,4058,4104,4156,4208,4255,4304,4353,4402,4450,4501,4541,4578,4611,4637,4670
27,72,121,169,218,267,315,364,415,463,510,560,607,655,705,755,801,849,901,953,1001,1051,1099,1148,1199,1250,1296,1348,1398,1446,1495,1542,1591,1647,1696,1745,1796,1848,1900,1949,1997,2049,2097,2144,2195,2244,2293,2341,2392,2439,2486,2537,2586,2636,2688,2738,2785,2837,2887,2935,2984,3033,3086,3136,3182,3228,3277,3332,3375,3425,3478,3527,3576,3627,3674,3722,3769,3818,3868,3918,3966,4015,4066,4112,4166,4214,4264,4312,4362,4410,4457,4505,4545,4582,4616,4641
25,69,118,165,215,264,312,362,410,461,506,556,602,651,697,746,796,842,887,939,986,1034,1089,1134,1186,1232,1287,1336,1386,1432,1483,1531,1579,1629,1680,1729,1779,1827,1874,1922,1972,2025,2077,2129,2176,2224,2271,2320,2371,2420,2470,2519,2566,2616,2662,2712,2760,2811,2857,2905,2955,3004,3050,3101,3151,3200,3251,3299,3349,3396,3445,3496,3542,3595,3645,3691,3742,3788,3835,3885,3933,3978,4031,4081,4127,4177,4226,4273,4324,4370,4421,4471,4518,4553,4588,4622
23,68,114,163,211,259,310,359,408,453,503,550,598,647,693,741,789,837,883,931,980,1026,1074,1120,1174,1224,1273,1323,1369,1422,1471,1519,1568,1620,1669,1715,1765,1813,1862,1912,1959,2004,2059,2106,2149,2201,2250,2299,2346,2398,2448,2492,2543,2594,2639,2691,2739,2787,2838,2886,2934,2982,3032,3082,3128,3174,3222,3270,3321,3368,3416,3467,3516,3561,3607,3654,3705,3752,3804,3852,3898,3949,3999,4051,4098,4149,4196,4242,4288,4338,4386,4436,4486,4526,4563,4597
21,66,112,160,209,256,306,355,405,451,497,548,593,643,690,735,785,831,876,925,973,1018,1068,1113,1163,1210,1260,1305,1355,1405,1458,1506,1555,1605,1655,1701,1751,1798,1849,1899,1947,1990,2044,2091,2138,2186,2236,2280,2331,2379,2425,2474,2526,2573,2622,2668,2718,2766,2815,2863,2909,2957,3005,3052,3102,3150,3197,3247,3297,3345,3390,3442,3491,3537,3588,3638,3685,3730,3778,3823,3871,3921,3970,4019,4067,4110,4164,4213,4261,4308,4355,4405,4448,4498,4536,4572
19,64,110,156,204,253,303,352,401,448,494,543,589,640,684,731,779,824,873,918,970,1014,1058,1109,1156,1202,1254,1299,1349,1397,1445,1491,1541,1589,1635,1687,1736,1784,1832,1881,1929,1977,2030,2078,2126,2175,2220,2266,2316,2364,2411,2462,2506,2558,2607,2648,2702,2746,2795,2846,2891,2941,2987,3036,3088,3135,3180,3226,3272,3323,3370,3418,3468,3515,3559,3604,3652,3703,3749,3801,3848,3894,3942,3992,4040,4086,4133,4181,4230,4277,4329,4373,4425,4472,4514,4551
18,60,107,154,202,251,299,349,395,443,492,539,587,634,682,726,775,821,867,913,963,1005,1056,1103,1149,1198,1246,1290,1339,1388,1435,1484,1532,1578,1628,1678,1728,1774,1823,1868,1919,1968,2012,2064,2110,2154,2202,2251,2300,2345,2397,2447,2490,2539,2585,2633,2681,2731,2776,2827,2876,2922,2973,3021,3070,3113,3161,3209,3255,3302,3352,3402,3447,3495,3539,3590,3641,3687,3735,3780,3827,3873,3922,3969,4016,4065,4108,4160,4210,4256,4303,4351,4399,4439,4490,4530
16,58,104,151,199,248,296,343,392,438,489,535,579,630,676,722,769,817,860,906,956,1004,1050,1097,1140,1190,1236,1285,1333,1380,1429,1478,1525,1574,1624,1672,1717,1766,1812,1860,1908,1956,2002,2055,2100,2147,2196,2242,2291,2336,2386,2430,2478,2528,2574,2624,2669,2717,2765,2812,2860,2904,2953,3000,3047,3098,3146,3193,3238,3284,3335,3380,3429,3479,3523,3573,3618,3661,3708,3756,3808,3855,3899,3948,3996,4046,4095,4141,4187,4234,4282,4333,4377,4428,4475,4517
14,57,101,150,197,246,292,341,389,436,484,532,577,627,673,718,764,813,857,903,951,998,1040,1092,1135,1183,1230,1281,1325,1371,1424,1472,1518,1567,1614,1662,1710,1757,1806,1853,1903,1951,1995,2045,2092,2137,2184,2234,2278,2328,2375,2421,2472,2520,2562,2615,2658,2708,2755,2801,2849,2896,2943,2988,3038,3089,3137,3179,3224,3271,3320,3365,3414,3464,3510,3553,3600,3650,3700,3745,3794,3841,3888,3934,3977,4029,4078,4123,4172,4219,4267,4310,4361,4408,4452,4499
12,54,99,146,194,244,291,338,386,434,481,530,574,624,669,715,762,810,853,899,950,995,1037,1087,1131,1179,1227,1274,1321,1367,1415,1466,1514,1561,1606,1657,1705,1753,1797,1846,1895,1944,1986,2037,2083,2131,2180,2227,2272,2318,2368,2413,2464,2507,2557,2604,2647,2698,2744,2789,2842,2888,2933,2981,3027,3078,3124,3168,3216,3263,3311,3358,3408,3451,3500,3544,3596,3644,3689,3737,3781,3828,3872,3919,3968,4012,4062,4107,4158,4207,4251,4298,4343,4391,4438,4488
10,51,97,143,191,241,289,335,383,429,479,527,572,619,667,709,759,806,850,896,945,990,1032,1083,1129,1178,1220,1270,1315,1360,1408,1461,1508,1554,1599,1649,1697,1743,1794,1843,1890,1934,1979,2032,2079,2128,2174,2218,2263,2309,2361,2406,2457,2501,2549,2598,2641,2690,2737,2782,2831,2880,2925,2974,3023,3071,3114,3159,3207,3254,3300,3350,3392,3443,3492,3535,3584,3634,3678,3726,3768,3813,3865,3912,3959,4004,4056,4102,4152,4198,4240,4287,4336,4383,4431,4478
8,49,94,141,190,237,285,332,380,427,477,524,570,616,665,707,757,803,848,894,943,988,1030,1079,1125,1172,1215,1266,1311,1357,1406,1455,1502,1549,1595,1644,1690,1740,1791,1837,1883,1930,1976,2024,2073,2122,2167,2209,2258,2306,2353,2403,2452,2496,2544,2590,2637,2683,2733,2778,2826,2874,2920,2967,3016,3061,3105,3155,3203,3248,3296,3344,3388,3439,3484,3531,3581,3628,3670,3713,3760,3811,3863,3904,3953,4001,4048,4096,4142,4186,4233,4280,4331,4372,4422,4468
6,47,92,138,188,234,282,330,378,424,475,520,569,615,664,706,756,802,847,893,942,987,1028,1078,1124,1169,1213,1262,1307,1353,1403,1452,1499,1545,1592,1641,1688,1738,1787,1833,1880,1926,1973,2021,2071,2118,2164,2206,2256,2304,2350,2401,2450,2491,2541,2587,2634,2680,2727,2772,2821,2871,2917,2963,3010,3055,3103,3152,3196,3245,3290,3338,3385,3434,3481,3528,3577,3624,3665,3710,3757,3809,3859,3901,3947,3995,4043,4088,4135,4182,4229,4275,4325,4369,4418,4463
4,45,90,136,185,232,280,329,377,426,476,522,571,617,666,708,758,805,851,895,944,989,1031,1081,1127,1171,1214,1263,1308,1352,1404,1453,1500,1546,1593,1642,1689,1739,1788,1834,1882,1927,1974,2022,2072,2119,2166,2208,2257,2305,2351,2402,2451,2493,2542,2589,2635,2682,2730,2773,2823,2872,2918,2964,3014,3058,3104,3153,3198,3246,3292,3339,3387,3436,3482,3530,3580,3626,3667,3711,3759,3810,3862,3903,3951,3998,4047,4093,4138,4184,4231,4278,4327,4371,4420,4465
2,43,89,135,184,233,281,331,379,428,478,526,573,621,668,714,761,811,854,900,949,994,1036,1084,1130,1177,1218,1269,1314,1358,1407,1456,1504,1550,1596,1645,1691,1741,1792,1838,1884,1931,1978,2027,2076,2123,2170,2214,2259,2308,2357,2404,2453,2499,2548,2596,2638,2687,2735,2780,2828,2879,2923,2972,3019,3065,3107,3156,3204,3253,3298,3348,3391,3440,3489,3533,3582,3633,3676,3721,3762,3812,3864,3908,3958,4002,4054,4100,4148,4193,4236,4284,4335,4379,4429,4477
1,44,91,137,187,236,283,334,382,431,480,529,576,626,671,717,765,814,858,904,952,997,1038,1090,1132,1180,1225,1272,1317,1362,1410,1463,1509,1556,1604,1650,1699,1744,1795,1845,1892,1937,1980,2035,2080,2130,2177,2222,2267,2312,2362,2409,2460,2503,2552,2601,2644,2695,2742,2788,2835,2883,2931,2977,3026,3076,3120,3165,3213,3261,3308,3355,3405,3449,3498,3540,3589,3640,3686,3733,3776,3821,3869,3917,3963,4011,4060,4105,4155,4205,4250,4294,4340,4389,4437,4485
3,46,93,139,189,239,288,336,385,435,483,533,578,629,675,723,770,819,861,908,959,1003,1048,1094,1137,1185,1229,1278,1324,1368,1420,1467,1515,1563,1609,1659,1707,1755,1800,1851,1898,1946,1988,2041,2085,2133,2182,2229,2276,2322,2372,2418,2467,2513,2560,2610,2653,2706,2748,2797,2847,2892,2940,2985,3035,3085,3130,3175,3221,3269,3316,3361,3412,3460,3506,3551,3599,3649,3698,3744,3793,3837,3884,3930,3975,4027,4075,4120,4169,4217,4263,4309,4357,4407,4447,4497
5,48,96,142,192,242,290,340,388,437,488,538,584,633,680,727,776,822,869,914,965,1006,1055,1101,1142,1192,1237,1284,1331,1372,1425,1474,1522,1569,1619,1667,1713,1762,1809,1857,1905,1955,1998,2051,2099,2143,2191,2239,2287,2332,2380,2426,2475,2525,2572,2621,2666,2714,2761,2810,2854,2901,2949,2999,3046,3096,3141,3189,3237,3281,3334,3379,3428,3477,3521,3572,3616,3659,3707,3755,3805,3853,3897,3946,3994,4044,4092,4139,4185,4232,4281,4332,4376,4427,4474,4516
7,50,98,145,195,245,293,342,393,440,491,540,588,639,685,732,782,827,875,921,971,1016,1059,1108,1151,1200,1248,1289,1338,1382,1431,1481,1526,1577,1627,1675,1723,1771,1818,1867,1914,1963,2006,2060,2107,2151,2200,2249,2297,2343,2394,2443,2487,2535,2584,2631,2679,2726,2774,2825,2875,2921,2971,3020,3068,3112,3160,3208,3257,3303,3353,3403,3448,3497,3541,3593,3642,3688,3738,3782,3830,3875,3924,3971,4021,4069,4111,4163,4212,4259,4307,4354,4401,4444,4493,4532
9,53,100,149,198,247,297,348,396,447,495,547,590,644,691,737,788,835,880,929,977,1021,1071,1114,1161,1208,1255,1300,1347,1393,1441,1490,1537,1586,1633,1683,1734,1781,1831,1877,1924,1975,2023,2075,2124,2172,2219,2265,2314,2363,2412,2463,2509,2559,2609,2650,2704,2747,2798,2848,2895,2942,2989,3041,3090,3138,3186,3231,3275,3329,3373,3422,3472,3520,3566,3610,3655,3706,3754,3806,3854,3900,3950,4000,4050,4097,4146,4194,4238,4286,4337,4385,4433,4481,4522,4561
11,56,102,152,200,250,301,351,403,450,499,549,597,650,695,745,795,840,886,938,985,1027,1077,1126,1176,1216,1267,1312,1356,1401,1454,1503,1553,1600,1651,1700,1750,1799,1850,1901,1948,1993,2047,2093,2142,2187,2238,2289,2333,2384,2429,2480,2529,2576,2625,2676,2722,2768,2820,2869,2916,2965,3018,3064,3108,3158,3210,3258,3306,3356,3407,3452,3501,3548,3598,3647,3695,3743,3792,3839,3887,3936,3981,4032,4082,4128,4175,4225,4272,4320,4367,4419,4466,4510,4550,4587
13,59,106,155,203,254,305,356,406,454,504,555,604,654,703,753,800,852,902,954,1000,1047,1096,1139,1188,1233,1283,1330,1373,1423,1473,1521,1571,1621,1671,1718,1770,1817,1866,1915,1966,2011,2065,2111,2159,2204,2255,2307,2358,2405,2458,2504,2555,2605,2649,2705,2750,2799,2850,2898,2945,2996,3044,3094,3140,3191,3239,3286,3336,3384,3435,3485,3532,3583,3636,3682,3729,3777,3825,3874,3925,3972,4024,4073,4119,4171,4220,4268,4315,4364,4414,4458,4506,4546,4583,4617
15,62,109,158,208,258,309,360,409,462,509,562,610,661,711,767,818,866,915,968,1013,1060,1110,1157,1203,1253,1297,1345,1391,1436,1485,1535,1585,1634,1685,1737,1789,1840,1891,1940,1985,2039,2086,2135,2185,2237,2285,2334,2385,2435,2482,2531,2578,2629,2678,2732,2779,2830,2881,2932,2980,3029,3084,3129,3177,3225,3274,3327,3374,3424,3475,3522,3575,3625,3671,3717,3763,3816,3867,3916,3965,4014,4068,4113,4167,4216,4266,4313,4363,4413,4459,4507,4548,4584,4620,4645
17,65,113,162,212,261,313,363,416,466,517,568,625,679,728,780,829,877,928,979,1024,1075,1122,1175,1221,1271,1319,1365,1409,1459,1510,1560,1611,1661,1712,1764,1810,1863,1913,1964,2010,2067,2113,2163,2211,2261,2315,2367,2415,2468,2518,2567,2618,2665,2716,2767,2818,2867,2914,2968,3022,3072,3119,3167,3219,3267,3317,3367,3417,3470,3518,3569,3617,3664,3715,3761,3814,3866,3915,3967,4018,4071,4117,4170,4221,4269,4318,4366,4417,4467,4512,4554,4590,4623,4654,4677
20,67,117,166,216,268,316,370,421,473,531,582,638,687,739,792,841,888,947,996,1046,1098,1143,1196,1245,1291,1340,1387,1433,1480,1530,1581,1631,1682,1735,1790,1842,1893,1945,1991,2048,2098,2146,2197,2247,2296,2348,2400,2454,2502,2554,2608,2654,2709,2759,2808,2855,2906,2960,3008,3062,3111,3163,3215,3265,3315,3364,3415,3469,3519,3571,3622,3669,3718,3771,3819,3870,3926,3973,4026,4079,4126,4178,4227,4276,4334,4381,4432,4484,4527,4567,4601,4631,4662,4688,4709
22,70,119,170,220,271,323,373,430,490,542,595,649,699,750,807,859,912,969,1017,1067,1117,1165,1212,1268,1316,1366,1412,1462,1507,1558,1612,1664,1714,1769,1820,1869,1920,1971,2028,2081,2132,2183,2235,2286,2337,2389,2440,2489,2547,2600,2646,2701,2751,2804,2852,2902,2956,3007,3060,3110,3164,3217,3266,3318,3369,3420,3473,3525,3579,3632,3680,3734,3785,3833,3886,3937,3988,4038,4090,4145,4199,4247,4295,4349,4400,4449,4502,4544,4581,4618,4646,4675,4700,4725,4747
24,73,123,174,225,276,327,387,445,498,553,606,658,716,774,826,878,932,983,1035,1093,1141,1195,1247,1294,1343,1394,1440,1488,1534,1587,1638,1693,1748,1802,1854,1907,1961,2009,2068,2117,2173,2226,2277,2329,2381,2434,2484,2538,2593,2643,2699,2749,2802,2853,2903,2959,3011,3069,3118,3170,3220,3273,3331,3378,3432,3486,3536,3591,3646,3697,3747,3800,3851,3902,3957,4007,4061,4109,4168,4222,4270,4323,4374,4430,4482,4528,4568,4603,4632,4664,4691,4716,4740,4764,4782
26,75,126,178,228,287,345,402,455,508,564,622,681,734,791,844,897,961,1009,1063,1115,1167,1222,1276,1326,1374,1427,1476,1523,1572,1626,1679,1730,1785,1844,1896,1952,2000,2058,2109,2160,2215,2270,2324,2377,2428,2483,2536,2595,2645,2703,2756,2806,2862,2912,2970,3025,3081,3131,3185,3235,3288,3342,3395,3450,3503,3552,3605,3656,3712,3765,3820,3876,3928,3984,4036,4089,4150,4202,4252,4306,4360,4412,4462,4515,4560,4594,4629,4661,4687,4713,4736,4760,4780,4804,4820
29,79,131,181,243,300,357,411,465,519,583,642,696,752,815,871,927,981,1033,1095,1147,1201,1256,1302,1359,1411,1464,1513,1562,1608,1665,1720,1775,1828,1885,1943,1996,2054,2105,2157,2212,2269,2325,2378,2436,2485,2545,2602,2652,2710,2762,2819,2873,2930,2983,3039,3092,3147,3199,3256,3313,3362,3419,3476,3529,3585,3643,3694,3748,3802,3861,3911,3964,4023,4077,4130,4183,4239,4292,4348,4404,4455,4508,4552,4592,4627,4659,4686,4714,4738,4762,4781,4805,4823,4841,4858
31,82,133,196,252,311,365,420,482,545,599,656,720,781,836,889,955,1012,1070,1121,1182,1238,1292,1346,1399,1449,1501,1551,1602,1654,1711,1768,1822,1875,1936,1989,2053,2104,2158,2216,2275,2330,2388,2442,2498,2556,2614,2667,2721,2777,2836,2890,2947,3001,3057,3116,3171,3227,3280,3337,3394,3454,3507,3563,3621,3677,3736,3790,3845,3895,3955,4010,4070,4124,4179,4235,4289,4346,4406,4456,4509,4558,4596,4630,4663,4692,4720,4744,4768,4789,4808,4829,4846,4863,4877,4892
34,85,148,206,263,319,374,439,500,558,618,683,743,799,865,926,984,1044,1106,1162,1217,1282,1337,1390,1442,1494,1544,1597,1652,1704,1763,1819,1873,1935,1992,2056,2108,2168,2228,2279,2339,2399,2459,2515,2571,2627,2686,2745,2803,2861,2915,2975,3034,3091,3149,3205,3264,3322,3376,3437,3494,3550,3602,3660,3724,3784,3840,3891,3954,4009,4072,4125,4180,4241,4301,4356,4416,4473,4523,4570,4606,4638,4673,4702,4731,4755,4778,4800,4818,4839,4857,4871,4886,4903,4912,4924
36,88,157,217,274,328,397,459,515,581,646,704,772,834,891,964,1020,1085,1144,1206,1265,1327,1385,1439,1492,1543,1603,1658,1709,1761,1821,1876,1942,1999,2061,2120,2181,2240,2295,2359,2417,2476,2533,2599,2655,2715,2770,2833,2893,2950,3009,3077,3134,3190,3249,3309,3366,3427,3488,3546,3601,3658,3725,3786,3844,3896,3960,4022,4080,4136,4201,4257,4317,4375,4435,4491,4543,4586,4624,4660,4690,4717,4745,4772,4793,4811,4834,4853,4869,4883,4901,4910,4922,4934,4944,4954
38,105,168,226,286,353,413,472,544,605,672,736,797,870,935,1002,1064,1128,1193,1257,1320,1379,1437,1493,1552,1610,1666,1719,1772,1824,1888,1953,2008,2074,2134,2198,2254,2321,2383,2446,2505,2569,2626,2692,2754,2813,2877,2938,2997,3054,3123,3183,3241,3305,3363,3426,3490,3549,3606,3672,3739,3796,3858,3914,3974,4039,4103,4165,4224,4285,4345,4409,4469,4525,4571,4613,4651,4680,4710,4739,4766,4790,4809,4831,4852,4870,4884,4902,4914,4927,4936,4946,4956,4969,4979,4987
41,115,176,238,307,368,433,501,565,636,700,773,838,907,978,1042,1112,1181,1249,1310,1375,1438,1497,1564,1622,1677,1732,1793,1847,1902,1965,2033,2096,2155,2225,2290,2349,2416,2479,2546,2611,2671,2736,2800,2864,2929,2991,3049,3121,3184,3244,3310,3372,3438,3502,3564,3631,3693,3750,3815,3881,3943,4008,4074,4134,4204,4265,4330,4390,4453,4513,4564,4607,4647,4679,4708,4741,4770,4792,4814,4836,4856,4873,4889,4906,4917,4930,4941,4952,4963,4972,4982,4993,5003,5012,5019
52,124,183,257,322,390,460,521,596,663,738,812,881,958,1022,1100,1166,1240,1303,1376,1443,1512,1576,1632,1695,1759,1816,1871,1928,1983,2057,2125,2190,2253,2326,2393,2461,2527,2597,2661,2725,2792,2859,2927,2994,3056,3127,3192,3260,3326,3389,3459,3524,3594,3651,3723,3791,3857,3923,3989,4057,4121,4188,4254,4319,4387,4451,4519,4569,4612,4655,4685,4719,4750,4777,4803,4826,4845,4864,4882,4900,4911,4928,4938,4948,4959,4970,4981,4992,5002,5011,5021,5029,5036,5049,5058
63,130,205,272,346,414,486,557,631,702,784,855,930,1007,1086,1159,1235,1304,1384,1451,1524,1588,1660,1724,1786,1852,1911,1969,2034,2089,2156,2232,2302,2374,2445,2517,2581,2656,2724,2796,2866,2937,3003,3079,3143,3214,3279,3354,3423,3493,3558,3637,3702,3766,3842,3909,3976,4053,4115,4189,4258,4328,4396,4464,4529,4580,4626,4665,4701,4734,4765,4791,4815,4838,4861,4878,4894,4909,4926,4937,4949,4962,4971,4983,4996,5005,5014,5026,5034,5042,5053,5062,5070,5079,5087,5094
71,140,221,295,367,444,512,594,670,748,830,910,991,1072,1152,1231,1313,1392,1470,1540,1617,1684,1758,1825,1894,1957,2019,2084,2148,2203,2281,2360,2437,2510,2580,2660,2734,2809,2884,2954,3031,3100,3176,3252,3325,3398,3471,3543,3615,3692,3758,3836,3910,3979,4059,4129,4206,4274,4350,4426,4494,4556,4605,4652,4689,4724,4757,4784,4810,4837,4860,4879,4897,4913,4929,4940,4953,4965,4977,4990,4999,5010,5020,5030,5039,5051,5061,5069,5077,5088,5096,5103,5109,5119,5123,5131
76,161,235,317,400,471,554,641,721,798,885,975,1061,1150,1234,1322,1402,1487,1570,1646,1725,1801,1872,1950,2017,2087,2150,2223,2288,2347,2427,2512,2591,2672,2753,2832,2908,2990,3073,3148,3223,3304,3381,3463,3538,3612,3696,3770,3849,3927,4003,4083,4161,4237,4316,4392,4476,4540,4595,4640,4683,4723,4758,4787,4816,4843,4865,4885,4905,4918,4935,4947,4961,4973,4985,4998,5008,5018,5031,5040,5052,5063,5074,5080,5091,5100,5107,5115,5120,5129,5136,5142,5149,5156,5161,5169
81,173,262,350,425,511,600,689,778,868,962,1054,1145,1239,1335,1426,1517,1601,1686,1773,1858,1939,2014,2095,2171,2245,2311,2387,2456,2523,2612,2697,2781,2868,2952,3043,3126,3211,3291,3377,3465,3547,3635,3709,3799,3880,3962,4052,4131,4215,4296,4382,4460,4535,4599,4650,4693,4733,4769,4801,4828,4855,4876,4899,4915,4931,4945,4960,4974,4988,5000,5013,5025,5035,5047,5059,5067,5076,5089,5097,5105,5112,5121,5130,5138,5143,5152,5159,5166,5171,5178,5183,5190,5197,5201,5208
87,186,284,375,469,563,653,747,845,946,1045,1146,1251,1351,1450,1548,1648,1742,1836,1923,2016,2103,2189,2274,2352,2433,2511,2582,2659,2729,2824,2919,3017,3106,3202,3294,3386,3480,3574,3657,3751,3846,3939,4028,4114,4211,4299,4388,4480,4555,4619,4668,4711,4754,4788,4821,4848,4875,4898,4916,4933,4950,4964,4980,4994,5007,5016,5032,5044,5057,5066,5078,5090,5101,5108,5118,5126,5134,5140,5148,5157,5162,5170,5179,5184,5191,5200,5204,5210,5217,5222,5226,5232,5237,5242,5248
108,214,318,419,518,620,724,828,933,1039,1154,1264,1377,1489,1594,1708,1811,1918,2018,2121,2217,2310,2407,2497,2583,2674,2757,2840,2913,2993,3097,3201,3307,3410,3514,3613,3714,3817,3920,4025,4122,4223,4321,4424,4520,4591,4656,4704,4749,4786,4824,4854,4880,4907,4925,4942,4958,4975,4991,5006,5017,5033,5048,5060,5073,5085,5095,5104,5116,5122,5133,5141,5151,5160,5167,5175,5181,5188,5195,5202,5209,5216,5223,5229,5234,5239,5245,5251,5254,5262,5265,5271,5277,5281,5288,5293
120,231,358,468,585,694,808,924,1041,1164,1288,1418,1536,1663,1782,1904,2020,2141,2252,2369,2473,2577,2685,2786,2885,2979,3075,3157,3242,3330,3444,3560,3683,3798,3913,4030,4147,4260,4368,4487,4574,4648,4705,4756,4799,4835,4868,4896,4919,4939,4957,4976,4995,5009,5028,5038,5054,5068,5082,5093,5106,5117,5127,5137,5145,5155,5163,5174,5182,5189,5198,5205,5213,5220,5224,5233,5238,5246,5253,5256,5264,5268,5274,5280,5287,5292,5297,5301,5306,5309,5313,5317,5321,5325,5330,5333
128,265,404,536,659,790,919,1053,1187,1328,1469,1607,1746,1889,2026,2161,2298,2432,2563,2693,2816,2939,3051,3169,3276,3383,3487,3586,3681,3764,3905,4042,4176,4311,4441,4562,4649,4715,4773,4819,4862,4893,4921,4943,4966,4984,5004,5022,5037,5056,5072,5086,5102,5110,5124,5135,5146,5158,5168,5177,5185,5194,5203,5212,5221,5227,5236,5241,5249,5255,5263,5270,5275,5283,5290,5294,5300,5305,5310,5314,5319,5323,5327,5332,5338,5340,5344,5346,5350,5354,5359,5364,5367,5370,5374,5378
147,298,457,609,766,916,1066,1219,1381,1539,1703,1864,2031,2194,2356,2521,2677,2841,2992,3142,3287,3431,3567,3701,3822,3945,4064,4174,4279,4384,4533,4642,4728,4794,4847,4890,4923,4951,4978,5001,5024,5043,5064,5081,5099,5111,5128,5139,5153,5165,5176,5186,5199,5207,5218,5225,5235,5243,5252,5260,5266,5273,5282,5291,5296,5302,5308,5312,5318,5324,5329,5334,5339,5343,5347,5352,5355,5360,5366,5369,5375,5380,5382,5385,5388,5391,5396,5397,5400,5404,5407,5410,5412,5416,5420,5423
167,333,523,719,905,1091,1275,1460,1643,1839,2036,2233,2431,2630,2839,3037,3234,3430,3620,3803,3983,4159,4322,4483,4600,4681,4746,4798,4840,4872,4920,4955,4989,5015,5046,5071,5092,5113,5132,5147,5164,5180,5193,5206,5219,5230,5240,5250,5261,5269,5279,5289,5295,5303,5311,5315,5322,5331,5336,5341,5345,5351,5358,5363,5368,5373,5381,5383,5387,5390,5395,5398,5401,5405,5409,5414,5417,5422,5425,5427,5430,5432,5436,5438,5441,5443,5447,5449,5452,5456,5459,5461,5465,5466,5469,5472
180,381,613,864,1107,1342,1575,1805,2043,2283,2534,2793,3053,3324,3592,3856,4118,4378,4598,4730,4822,4887,4932,4968,4997,5023,5045,5065,5083,5098,5125,5150,5172,5192,5211,5228,5244,5258,5272,5285,5298,5307,5316,5326,5335,5342,5349,5357,5365,5371,5379,5384,5389,5393,5399,5403,5408,5413,5418,5424,5426,5431,5434,5437,5442,5444,5448,5453,5457,5460,5464,5467,5471,5474,5475,5477,5480,5481,5483,5485,5486,5489,5491,5492,5495,5498,5499,5501,5503,5505,5508,5510,5511,5514,5516,5517
210,446,742,1076,1416,1731,2050,2365,2696,3040,3400,3767,4157,4539,4761,4891,4967,5027,5075,5114,5144,5173,5196,5215,5231,5247,5257,5267,5278,5284,5304,5320,5337,5348,5362,5376,5386,5394,5402,5411,5421,5428,5433,5439,5445,5451,5458,5463,5468,5473,5476,5479,5482,5484,5488,5490,5493,5497,5500,5502,5506,5509,5512,5515,5518,5519,5521,5522,5523,5526,5527,5529,5530,5531,5533,5534,5535,5537,5538,5539,5541,5542,5545,5546,5547,5549,5550,5552,5553,5554,5556,5557,5559,5560,5562,5563
229,514,920,1417,1921,2423,2928,3441,3987,4559,4850,4986,5084,5154,5214,5259,5299,5328,5353,5377,5392,5406,5419,5429,5435,5440,5446,5450,5454,5455,5470,5478,5487,5496,5504,5513,5520,5524,5528,5532,5536,5540,5543,5548,5551,5555,5558,5561,5564,5566,5567,5568,5569,5570,5571,5572,5573,5574,5576,5577,5578,5579,5580,5581,5582,5584,5585,5586,5588,5589,5590,5591,5592,5593,5594,5595,5596,5597,5599,5600,5601,5602,5603,5604,5605,5606,5607,5609,5610,5611,5612,5613,5614,5616,5617,5618
266,611,1194,2001,2969,4017,4830,5055,5187,5286,5356,5415,5462,5494,5525,5544,5565,5575,5587,5598,5608,5619,5621,5625,5627,5626,5623,5622,5620,5615,5624,5628,5629,5630,5631,5632,5633,5635,5636,5637,5638,5639,5640,5641,5642,5643,5644,5645,5646,5647,5648,5649,5650,5651,5652,5653,5654,5655,5656,5657,5658,5659,5660,5661,5664,5667,5670,5673,5675,5678,5680,5683,5685,5687,5689,5691,5693,5692,5690,5688,5686,5684,5682,5681,5679,5677,5676,5674,5672,5671,5669,5668,5666,5665,5663,5662
304,749,1653,3328,5050,5361,5507,5583,5634,5694,5704,5734,5752,5778,5790,5798,5803,5807,5811,5810,5808,5804,5801,5796,5792,5786,5781,5774,5760,5749,5753,5756,5758,5762,5765,5767,5769,5768,5766,5763,5761,5759,5757,5755,5754,5751,5750,5748,5747,5746,5745,5744,5743,5742,5741,5740,5738,5737,5736,5735,5733,5732,5731,5730,5729,5728,5727,5726,5725,5724,5723,5722,5721,5720,5719,5718,5717,5716,5715,5714,5713,5712,5711,5710,5709,5708,5707,5706,5705,5703,5702,5701,5700,5698,5697,5696
344,941,2565,5276,5699,5871,5941,5971,5992,6005,6013,6018,6021,6020,6016,6010,6004,5998,5989,5981,5973,5965,5958,5950,5942,5931,5922,5915,5908,5901,5898,5896,5894,5892,5889,5886,5883,5879,5876,5873,5868,5866,5863,5861,5858,5856,5854,5851,5849,5846,5844,5842,5839,5837,5834,5832,5829,5827,5824,5822,5819,5818,5817,5816,5815,5814,5813,5812,5809,5806,5805,5802,5800,5799,5797,5795,5794,5793,5791,5789,5788,5787,5785,5784,5783,5782,5780,5779,5777,5776,5775,5773,5772,5771,5770,5764
394,1243,4904,5885,6158,6257,6287,6292,6284,6275,6263,6251,6240,6226,6215,6202,6191,6178,6164,6150,6139,6127,6114,6102,6091,6079,6068,6057,6046,6036,6031,6027,6023,6014,6009,6001,5996,5990,5985,5978,5975,5969,5964,5961,5956,5953,5948,5944,5938,5934,5930,5925,5921,5919,5916,5913,5911,5907,5905,5903,5899,5895,5890,5887,5882,5878,5875,5872,5867,5865,5864,5862,5859,5857,5855,5853,5852,5850,5848,5847,5845,5843,5841,5840,5838,5836,5835,5833,5831,5830,5828,5826,5825,5823,5821,5820
456,1747,5695,6310,6504,6564,6570,6552,6532,6509,6483,6462,6441,6423,6403,6384,6367,6347,6332,6317,6299,6280,6264,6247,6232,6216,6201,6185,6169,6153,6147,6141,6132,6126,6119,6112,6106,6098,6093,6087,6082,6076,6071,6064,6059,6053,6047,6042,6038,6034,6028,6024,6015,6008,6000,5995,5988,5983,5977,5974,5970,5966,5962,5959,5955,5951,5947,5945,5939,5936,5933,5929,5926,5923,5920,5918,5917,5914,5912,5910,5909,5906,5904,5902,5900,5897,5893,5891,5888,5884,5881,5880,5877,5874,5870,5869
534,2783,6170,6636,6785,6821,6813,6783,6749,6719,6686,6658,6628,6602,6578,6551,6528,6506,6482,6461,6440,6422,6404,6385,6368,6348,6334,6318,6300,6281,6271,6262,6252,6242,6233,6222,6214,6206,6197,6190,6181,6173,6163,6155,6148,6142,6136,6129,6121,6115,6108,6101,6095,6090,6084,6080,6074,6070,6063,6060,6054,6050,6043,6040,6037,6033,6030,6025,6019,6012,6007,6002,5997,5993,5987,5982,5979,5976,5972,5968,5967,5963,5960,5957,5954,5952,5949,5946,5943,5940,5937,5935,5932,5928,5927,5924
632,5041,6530,6901,7023,7044,7028,6987,6949,6909,6869,6834,6799,6766,6735,6708,6679,6654,6632,6606,6584,6561,6538,6517,6493,6472,6454,6434,6416,6397,6389,6377,6365,6355,6343,6335,6325,6315,6304,6294,6283,6274,6265,6256,6246,6238,6228,6220,6211,6204,6196,6188,6182,6174,6166,6159,6152,6145,6140,6133,6128,6122,6117,6111,6104,6099,6094,6089,6086,6081,6077,6073,6069,6065,6061,6056,6052,6049,6044,6041,6039,6035,6032,6029,6026,6022,6017,6011,6006,6003,5999,5994,5991,5986,5984,5980
760,5739,6815,7123,7228,7242,7215,7171,7126,7084,7039,6995,6957,6924,6888,6854,6824,6796,6767,6739,6714,6688,6665,6642,6620,6598,6579,6556,6536,6518,6500,6487,6471,6459,6448,6436,6425,6412,6402,6393,6381,6371,6360,6351,6340,6331,6324,6314,6306,6297,6288,6277,6269,6261,6253,6244,6236,6227,6221,6212,6207,6200,6193,6186,6180,6175,6168,6160,6154,6149,6144,6138,6135,6130,6124,6120,6116,6110,6105,6100,6096,6092,6088,6085,6083,6078,6075,6072,6067,6066,6062,6058,6055,6051,6048,6045
940,6192,7047,7320,7408,7416,7385,7342,7289,7239,7193,7147,7108,7067,7029,6993,6960,6930,6898,6870,6843,6816,6788,6762,6737,6715,6694,6671,6650,6631,6612,6599,6585,6571,6555,6541,6526,6516,6502,6489,6474,6465,6453,6442,6431,6419,6411,6400,6390,6382,6373,6362,6354,6345,6337,6329,6321,6312,6305,6298,6289,6279,6273,6266,6258,6250,6243,6237,6231,6223,6217,6210,6205,6199,6195,6187,6183,6177,6172,6167,6162,6156,6151,6146,6143,6137,6134,6131,6125,6123,6118,6113,6109,6107,6103,6097
1205,6525,7246,7483,7567,7572,7538,7496,7441,7387,7340,7290,7249,7205,7162,7124,7092,7060,7027,6991,6963,6936,6910,6880,6856,6833,6805,6781,6758,6736,6723,6704,6687,6673,6659,6643,6629,6614,6601,6590,6575,6562,6548,6537,6524,6512,6498,6490,6477,6466,6456,6447,6438,6428,6418,6407,6398,6391,6383,6376,6366,6359,6350,6341,6336,6328,6322,6316,6309,6301,6293,6286,6278,6272,6268,6259,6254,6248,6241,6235,6230,6225,6218,6213,6208,6203,6198,6194,6189,6184,6179,6176,6171,6165,6161,6157
1623,6791,7412,7635,7708,7715,7681,7634,7579,7527,7473,7428,7376,7332,7292,7255,7214,7179,7143,7114,7085,7053,7022,6994,6968,6942,6918,6892,6868,6847,6828,6809,6792,6772,6755,6743,6726,6711,6697,6681,6668,6657,6641,6630,6617,6604,6592,6582,6569,6558,6545,6533,6522,6511,6501,6491,6479,6469,6460,6452,6444,6433,6426,6417,6409,6401,6395,6387,6378,6372,6364,6357,6352,6344,6338,6330,6326,6320,6313,6308,6303,6295,6290,6282,6276,6270,6267,6260,6255,6249,6245,6239,6234,6229,6224,6219
2344,7008,7561,7764,7838,7845,7814,7762,7710,7655,7603,7550,7503,7459,7415,7370,7334,7299,7266,7227,7196,7164,7135,7107,7079,7052,7025,7001,6974,6950,6932,6913,6894,6876,6860,6842,6825,6807,6795,6777,6761,6746,6732,6721,6707,6692,6677,6666,6655,6644,6633,6618,6609,6597,6588,6577,6567,6554,6543,6534,6523,6515,6505,6496,6485,6475,6467,6458,6451,6445,6437,6430,6421,6413,6406,6399,6394,6388,6380,6374,6369,6361,6356,6349,6342,6339,6333,6327,6323,6319,6311,6307,6302,6296,6291,6285
4013,7194,7693,7881,7954,7962,7931,7886,7831,7775,7723,7669,7621,7573,7532,7486,7450,7411,7373,7341,7306,7274,7245,7213,7184,7156,7130,7103,7080,7055,7034,7011,6990,6973,6956,6939,6923,6904,6887,6874,6855,6841,6827,6811,6797,6780,6768,6754,6741,6729,6716,6702,6691,6678,6669,6660,6648,6637,6624,6615,6605,6594,6587,6576,6568,6557,6547,6540,6529,6519,6510,6503,6495,6486,6478,6470,6463,6455,6449,6443,6435,6429,6424,6415,6408,6405,6396,6392,6386,6379,6375,6370,6363,6358,6353,6346
5372,7354,7804,7987,8060,8071,8041,7999,7948,7890,7836,7783,7736,7687,7643,7601,7558,7519,7480,7449,7413,7380,7351,7317,7288,7262,7233,7206,7180,7154,7134,7112,7093,7072,7054,7035,7015,7000,6980,6964,6948,6933,6916,6899,6884,6873,6858,6845,6832,6817,6804,6789,6775,6763,6751,6740,6728,6718,6706,6696,6683,6674,6664,6652,6645,6635,6623,6616,6607,6596,6591,6581,6572,6563,6553,6546,6539,6531,6521,6513,6507,6497,6492,6484,6476,6468,6464,6457,6450,6446,6439,6432,6427,6420,6414,6410
5860,7487,7913,8085,8157,8169,8146,8106,8055,8002,7944,7892,7844,7796,7751,7705,7665,7627,7589,7551,7516,7482,7452,7423,7391,7362,7331,7305,7280,7256,7230,7209,7190,7169,7149,7128,7110,7094,7073,7058,7040,7020,7007,6988,6975,6958,6944,6931,6915,6902,6889,6875,6864,6850,6838,6823,6812,6800,6786,6774,6764,6752,6745,6731,6724,6710,6700,6690,6680,6672,6663,6653,6647,6639,6626,6619,6610,6603,6595,6589,6583,6574,6566,6559,6549,6542,6535,6527,6520,6514,6508,6499,6494,6488,6480,6473
6209,7609,8005,8175,8246,8264,8245,8209,8159,8102,8050,7996,7947,7899,7855,7808,7766,7731,7690,7653,7619,7584,7552,7521,7491,7461,7433,7402,7375,7353,7326,7304,7284,7267,7244,7223,7203,7182,7165,7146,7131,7113,7099,7082,7065,7049,7033,7016,7002,6985,6970,6959,6947,6934,6922,6908,6895,6882,6871,6859,6848,6836,6822,6814,6803,6790,6779,6771,6757,6747,6738,6730,6722,6713,6701,6695,6685,6675,6667,6661,6651,6646,6638,6627,6622,6613,6608,6600,6593,6586,6580,6573,6565,6560,6550,6544
6481,7716,8088,8254,8328,8347,8334,8303,8257,8204,8149,8098,8044,7998,7953,7911,7867,7827,7787,7752,7718,7682,7649,7618,7588,7557,7530,7501,7472,7448,7426,7399,7378,7358,7337,7314,7297,7277,7257,7237,7219,7202,7186,7170,7153,7137,7120,7104,7090,7075,7063,7045,7031,7017,7004,6989,6977,6966,6952,6941,6928,6917,6905,6893,6881,6872,6863,6851,6840,6830,6819,6806,6798,6787,6778,6770,6759,6750,6744,6733,6725,6717,6709,6699,6693,6684,6676,6670,6662,6656,6649,6640,6634,6625,6621,6611
6705,7812,8167,8326,8399,8423,8417,8387,8345,8300,8247,8195,8141,8094,8051,8006,7964,7922,7884,7852,7815,7780,7745,7714,7683,7652,7625,7597,7568,7540,7517,7497,7470,7451,7430,7407,7386,7368,7350,7328,7311,7293,7276,7259,7240,7225,7208,7192,7175,7160,7145,7132,7118,7102,7089,7076,7064,7050,7038,7021,7010,6998,6982,6971,6962,6951,6940,6929,6919,6907,6897,6885,6878,6865,6857,6849,6839,6829,6820,6810,6802,6793,6782,6773,6765,6756,6748,6742,6734,6727,6720,6712,6703,6698,6689,6682
6890,7896,8232,8390,8464,8491,8488,8469,8430,8385,8338,8288,8235,8189,8142,8101,8058,8018,7980,7941,7907,7873,7840,7805,7776,7747,7719,7689,7663,7636,7610,7587,7563,7541,7520,7500,7477,7460,7440,7421,7398,7382,7363,7347,7327,7312,7296,7279,7268,7250,7232,7217,7200,7188,7173,7159,7144,7133,7119,7109,7095,7083,7071,7057,7043,7032,7018,7009,6999,6983,6976,6967,6955,6945,6935,6925,6914,6906,6896,6886,6879,6867,6861,6852,6844,6835,6826,6818,6808,6801,6794,6784,6776,6769,6760,6753
7048,7976,8302,8446,8525,8558,8562,8542,8511,8471,8424,8374,8329,8282,8234,8192,8151,8112,8074,8034,8000,7966,7930,7902,7868,7839,7809,7781,7755,7728,7703,7674,7656,7633,7611,7591,7570,7547,7529,7510,7490,7468,7453,7437,7420,7397,7383,7365,7352,7335,7321,7303,7287,7273,7260,7247,7229,7216,7204,7191,7176,7163,7152,7139,7125,7115,7101,7091,7081,7070,7059,7046,7037,7026,7013,7003,6992,6981,6972,6965,6954,6946,6938,6926,6920,6911,6900,6891,6883,6877,6866,6862,6853,6846,6837,6831
7181,8043,8357,8501,8582,8616,8627,8612,8590,8549,8503,8459,8414,8365,8327,8283,8241,8202,8164,8124,8091,8056,8024,7990,7961,7929,7904,7871,7847,7820,7795,7769,7746,7726,7701,7675,7658,7641,7617,7600,7578,7560,7539,7524,7507,7485,7469,7456,7439,7425,7404,7390,7374,7360,7344,7330,7315,7300,7286,7275,7265,7251,7236,7222,7210,7198,7185,7172,7161,7151,7140,7127,7117,7106,7097,7086,7074,7066,7056,7042,7036,7024,7014,7006,6996,6984,6978,6969,6961,6953,6943,6937,6927,6921,6912,6903
7302,8111,8408,8554,8635,8675,8688,8678,8658,8626,8586,8538,8496,8453,8410,8366,8331,8293,8253,8216,8184,8144,8114,8080,8053,8020,7989,7963,7935,7910,7882,7859,7835,7816,7792,7768,7748,7730,7706,7688,7667,7648,7629,7613,7595,7575,7559,7543,7526,7511,7493,7476,7463,7446,7432,7419,7400,7388,7371,7361,7349,7333,7322,7309,7294,7282,7270,7258,7248,7235,7221,7211,7199,7189,7178,7166,7155,7142,7136,7122,7116,7105,7098,7088,7077,7068,7061,7051,7041,7030,7019,7012,7005,6997,6986,6979
7409,8168,8454,8599,8680,8726,8746,8744,8729,8700,8662,8620,8577,8534,8494,8452,8413,8375,8340,8305,8273,8233,8203,8172,8137,8110,8079,8054,8026,7997,7974,7950,7926,7905,7878,7858,7837,7818,7797,7774,7758,7739,7720,7699,7680,7664,7645,7630,7615,7599,7580,7564,7549,7534,7518,7505,7488,7474,7462,7447,7435,7422,7405,7393,7379,7367,7355,7343,7329,7318,7307,7295,7283,7272,7263,7252,7238,7226,7218,7207,7197,7187,7177,7168,7157,7148,7138,7129,7121,7111,7100,7096,7087,7078,7069,7062
7502,8221,8499,8641,8727,8770,8791,8795,8788,8764,8735,8701,8657,8614,8574,8533,8495,8458,8425,8389,8356,8322,8294,8261,8227,8199,8170,8139,8115,8089,8066,8039,8014,7992,7970,7949,7928,7906,7885,7866,7848,7826,7806,7788,7771,7754,7738,7721,7702,7686,7668,7654,7639,7623,7607,7592,7576,7562,7548,7535,7522,7508,7495,7479,7466,7455,7442,7431,7418,7403,7392,7381,7369,7359,7346,7336,7323,7313,7301,7291,7281,7271,7264,7254,7241,7231,7220,7212,7201,7195,7183,7174,7167,7158,7150,7141
7586,8275,8537,8682,8763,8814,8838,8847,8844,8827,8802,8771,8734,8696,8650,8615,8579,8540,8505,8475,8440,8407,8376,8346,8315,8289,8260,8229,8207,8182,8154,8130,8104,8081,8061,8037,8015,7993,7975,7957,7936,7918,7895,7876,7862,7846,7825,7807,7793,7772,7760,7743,7727,7711,7695,7677,7666,7651,7638,7624,7608,7596,7582,7569,7553,7542,7531,7514,7506,7492,7478,7467,7458,7443,7434,7424,7410,7396,7389,7377,7366,7357,7348,7338,7324,7316,7308,7298,7285,7278,7269,7261,7253,7243,7234,7224
7662,8316,8575,8719,8800,8852,8883,8899,8900,8887,8869,8840,8807,8772,8737,8699,8660,8625,8591,8556,8521,8489,8460,8431,8401,8371,8348,8318,8296,8270,8243,8218,8197,8174,8150,8128,8107,8086,8068,8042,8028,8008,7985,7969,7952,7933,7917,7901,7879,7865,7853,7832,7819,7800,7784,7770,7757,7742,7729,7713,7697,7685,7672,7657,7644,7632,7620,7605,7594,7581,7571,7556,7544,7533,7523,7512,7499,7484,7475,7465,7457,7445,7436,7427,7414,7401,7394,7384,7372,7364,7356,7345,7339,7325,7319,7310
7734,8358,8609,8752,8834,8889,8924,8939,8947,8942,8930,8908,8878,8846,8811,8778,8743,8709,8671,8636,8605,8573,8545,8513,8482,8457,8434,8404,8380,8355,8333,8311,8285,8266,8240,8219,8198,8180,8158,8135,8117,8099,8077,8063,8040,8025,8010,7988,7973,7959,7939,7923,7909,7891,7875,7863,7850,7833,7821,7803,7789,7773,7761,7750,7737,7725,7709,7696,7684,7673,7660,7646,7637,7626,7614,7602,7590,7577,7566,7555,7545,7536,7525,7513,7504,7494,7481,7471,7464,7454,7444,7438,7429,7417,7406,7395
7791,8394,8644,8781,8865,8923,8957,8978,8988,8990,8980,8966,8948,8920,8888,8856,8818,8786,8756,8723,8690,8659,8629,8598,8570,8544,8517,8490,8466,8442,8419,8395,8373,8352,8332,8313,8291,8271,8250,8226,8211,8188,8173,8155,8132,8118,8100,8083,8069,8049,8031,8016,8004,7982,7971,7956,7940,7925,7915,7893,7880,7869,7857,7843,7828,7817,7802,7790,7778,7763,7753,7741,7732,7717,7704,7694,7679,7671,7659,7647,7640,7628,7616,7606,7598,7585,7574,7565,7554,7546,7537,7528,7515,7509,7498,7489
7849,8429,8673,8808,8896,8953,8987,9014,9028,9036,9034,9023,9007,8984,8960,8932,8903,8867,8832,8801,8773,8747,8715,8686,8655,8630,8603,8578,8555,8527,8506,8481,8463,8441,8421,8400,8379,8361,8342,8320,8304,8284,8268,8248,8228,8212,8196,8181,8161,8140,8126,8113,8095,8078,8067,8052,8035,8021,8007,7991,7979,7965,7951,7938,7924,7914,7897,7883,7872,7861,7851,7834,7824,7813,7799,7785,7777,7765,7756,7744,7735,7724,7712,7700,7691,7676,7670,7661,7650,7642,7631,7622,7612,7604,7593,7583
7894,8462,8704,8833,8922,8977,9018,9047,9064,9073,9081,9074,9066,9050,9030,9004,8975,8949,8918,8885,8857,8825,8796,8769,8748,8718,8694,8667,8640,8618,8595,8572,8552,8528,8510,8486,8473,8447,8433,8412,8393,8377,8359,8343,8324,8307,8292,8276,8258,8239,8223,8210,8193,8183,8162,8145,8131,8121,8103,8090,8075,8065,8047,8032,8022,8011,7994,7981,7972,7960,7945,7934,7920,7912,7898,7887,7874,7864,7856,7842,7830,7822,7810,7798,7786,7779,7767,7759,7749,7740,7733,7722,7707,7698,7692,7678
7943,8487,8728,8861,8945,9001,9045,9076,9096,9110,9119,9121,9118,9108,9093,9075,9053,9027,8995,8968,8940,8915,8884,8858,8828,8804,8780,8758,8732,8711,8687,8663,8643,8622,8602,8583,8563,8543,8523,8504,8483,8474,8451,8437,8418,8402,8386,8367,8353,8339,8323,8310,8295,8279,8265,8249,8230,8217,8208,8190,8177,8163,8148,8133,8122,8109,8097,8084,8073,8059,8045,8033,8023,8013,8001,7986,7978,7967,7955,7942,7932,7921,7916,7903,7889,7877,7870,7860,7854,7841,7829,7823,7811,7801,7794,7782
7984,8516,8749,8879,8965,9025,9070,9101,9127,9142,9152,9159,9162,9157,9148,9138,9123,9102,9082,9056,9026,8996,8971,8946,8921,8897,8870,8845,8820,8797,8779,8759,8739,8717,8697,8676,8654,8637,8619,8601,8585,8565,8550,8530,8514,8498,8480,8468,8450,8438,8422,8406,8391,8378,8363,8350,8336,8319,8309,8297,8281,8269,8255,8238,8225,8214,8201,8187,8179,8166,8153,8138,8129,8116,8105,8092,8082,8072,8062,8048,8038,8029,8017,8009,7995,7983,7977,7968,7958,7946,7937,7927,7919,7908,7900,7888
8027,8539,8768,8905,8982,9048,9092,9128,9149,9169,9181,9188,9197,9199,9198,9191,9184,9170,9154,9134,9114,9089,9062,9040,9008,8983,8961,8937,8917,8895,8873,8851,8829,8810,8790,8774,8757,8738,8720,8703,8683,8665,8647,8632,8613,8596,8584,8566,8553,8535,8522,8507,8493,8477,8465,8449,8439,8427,8411,8398,8384,8369,8360,8349,8335,8321,8312,8301,8286,8277,8263,8251,8236,8224,8215,8206,8191,8185,8171,8160,8147,8136,8127,8119,8108,8096,8087,8076,8070,8057,8046,8036,8030,8019,8012,8003
8064,8564,8789,8919,9003,9067,9113,9145,9171,9193,9207,9219,9230,9237,9241,9240,9235,9229,9218,9205,9189,9174,9153,9133,9106,9083,9058,9039,9011,8991,8970,8950,8931,8912,8893,8872,8855,8835,8816,8799,8784,8767,8753,8736,8721,8707,8689,8672,8656,8642,8628,8611,8597,8587,8571,8559,8546,8529,8519,8502,8492,8479,8470,8455,8444,8432,8420,8409,8396,8383,8370,8362,8351,8341,8330,8317,8308,8298,8287,8278,8267,8256,8244,8231,8222,8213,8205,8194,8186,8176,8165,8156,8143,8134,8125,8120
8093,8589,8806,8935,9019,9084,9131,9165,9190,9215,9231,9249,9258,9269,9274,9281,9283,9282,9276,9272,9263,9251,9238,9217,9201,9179,9160,9136,9117,9094,9072,9054,9033,9012,8993,8973,8958,8941,8926,8907,8891,8874,8859,8842,8823,8809,8794,8782,8765,8755,8741,8725,8712,8698,8685,8668,8653,8645,8631,8617,8606,8593,8581,8569,8557,8547,8532,8520,8512,8500,8484,8476,8467,8456,8445,8436,8428,8415,8403,8392,8382,8372,8364,8354,8344,8337,8325,8314,8306,8299,8290,8280,8272,8262,8252,8242
8123,8607,8821,8954,9041,9100,9144,9180,9209,9234,9256,9271,9287,9297,9305,9310,9319,9322,9324,9323,9321,9317,9309,9301,9292,9277,9260,9243,9223,9203,9182,9163,9143,9125,9105,9090,9069,9052,9035,9017,8999,8981,8969,8955,8938,8928,8911,8898,8880,8868,8854,8837,8824,8813,8798,8787,8776,8761,8751,8740,8730,8714,8706,8692,8677,8666,8649,8646,8634,8621,8608,8600,8592,8580,8568,8560,8548,8536,8526,8518,8508,8497,8485,8478,8472,8461,8448,8443,8435,8426,8416,8405,8397,8388,8381,8368
8152,8624,8836,8964,9051,9115,9161,9196,9225,9250,9273,9293,9306,9320,9334,9339,9347,9351,9357,9362,9365,9367,9366,9364,9360,9354,9348,9340,9332,9315,9300,9286,9264,9248,9227,9206,9187,9173,9156,9140,9124,9107,9091,9078,9060,9046,9032,9016,9002,8989,8972,8962,8951,8936,8927,8913,8904,8886,8876,8863,8850,8839,8826,8815,8805,8793,8783,8775,8762,8754,8745,8731,8722,8713,8705,8693,8679,8670,8661,8648,8639,8633,8623,8610,8604,8594,8588,8576,8567,8561,8551,8541,8531,8524,8515,8509
8178,8638,8853,8979,9063,9129,9172,9208,9242,9268,9290,9308,9327,9338,9350,9363,9375,9379,9385,9391,9396,9401,9405,9406,9410,9413,9411,9407,9404,9400,9393,9388,9381,9374,9359,9344,9333,9312,9296,9278,9259,9244,9226,9210,9195,9178,9167,9150,9139,9126,9112,9099,9085,9071,9059,9049,9037,9022,9009,8998,8986,8974,8963,8956,8944,8933,8925,8914,8906,8894,8881,8871,8862,8849,8841,8830,8819,8812,8803,8792,8785,8777,8766,8760,8750,8742,8733,8724,8716,8710,8702,8691,8681,8674,8664,8652
8200,8651,8866,8992,9079,9137,9185,9221,9255,9284,9303,9326,9341,9355,9372,9380,9390,9399,9412,9418,9423,9428,9433,9438,9440,9445,9447,9453,9455,9457,9459,9458,9456,9454,9451,9446,9441,9436,9430,9424,9417,9402,9389,9376,9361,9343,9331,9311,9298,9285,9267,9252,9239,9224,9211,9200,9186,9177,9164,9151,9141,9132,9120,9109,9098,9087,9077,9065,9057,9044,9038,9024,9015,9005,8994,8985,8976,8967,8959,8952,8943,8934,8929,8916,8909,8901,8892,8882,8875,8864,8860,8848,8843,8831,8822,8817
8220,8669,8877,9000,9088,9147,9194,9233,9265,9294,9318,9336,9352,9373,9384,9394,9408,9420,9427,9434,9442,9450,9462,9466,9470,9473,9478,9481,9484,9489,9490,9494,9497,9501,9503,9505,9508,9511,9513,9512,9509,9507,9504,9500,9496,9492,9487,9482,9477,9471,9464,9449,9437,9426,9415,9397,9383,9371,9353,9342,9330,9314,9302,9291,9279,9266,9257,9246,9232,9222,9212,9202,9192,9183,9175,9166,9155,9146,9135,9130,9122,9111,9103,9095,9086,9080,9068,9061,9055,9043,9042,9029,9020,9013,9006,8997
8237,8684,8890,9010,9097,9158,9204,9245,9275,9304,9329,9349,9368,9382,9395,9414,9422,9431,9439,9452,9463,9469,9474,9480,9486,9493,9499,9510,9516,9518,9522,9525,9527,9530,9533,9535,9538,9541,9543,9547,9548,9552,9554,9556,9558,9561,9563,9566,9567,9569,9571,9572,9570,9568,9565,9562,9560,9557,9553,9549,9546,9542,9537,9531,9526,9521,9515,9498,9485,9475,9465,9448,9435,9425,9416,9398,9387,9378,9369,9356,9345,9335,9328,9316,9307,9299,9289,9280,9270,9261,9253,9247,9236,9228,9216,9213
8259,8695,8902,9021,9104,9168,9214,9254,9288,9313,9337,9358,9377,9392,9409,9421,9432,9444,9460,9467,9472,9479,9488,9495,9506,9517,9520,9523,9528,9532,9536,9540,9545,9550,9555,9564,9574,9577,9578,9581,9583,9585,9587,9589,9591,9594,9595,9598,9600,9601,9604,9606,9608,9610,9612,9614,9617,9618,9621,9622,9625,9627,9629,9631,9632,9635,9637,9639,9641,9643,9645,9647,9649,9651,9652,9650,9648,9646,9644,9642,9638,9636,9633,9630,9626,9623,9619,9615,9611,9607,9602,9597,9592,9586,9580,9575
8274,8708,8910,9031,9116,9176,9220,9262,9295,9325,9346,9370,9386,9403,9419,9429,9443,9461,9468,9476,9483,9491,9502,9514,9519,9524,9529,9534,9539,9544,9551,9559,9573,9576,9579,9582,9584,9588,9590,9593,9596,9599,9603,9605,9609,9613,9616,9620,9624,9628,9634,9640,9653,9654,9655,9656,9657,9658,9659,9660,9661,9662,9663,9664,9665,9666,9667,9668,9669,9670,9671,9672,9673,9674,9675,9676,9677,9678,9679,9680,9681,9682,9683,9684,9685,9686,9687,9688,9689,9690,9691,9692,9693,9694,9695,9696
